{
  "r2": 0.941383,
  "wall_clock_s": 1916.74,
  "lgb_fold_r2": [
    0.759345,
    0.766033,
    0.757798,
    0.760948,
    0.75737
  ]
}