{
  "kfold": {
    "cv_mode": "kfold",
    "oof_r2": 0.6053172477244484,
    "fold_r2": [
      0.6093499347000833,
      0.6286918452867485,
      0.596254390147767,
      0.6090319389922714,
      0.5827419703073418
    ],
    "elapsed_sec": 44.53910231590271
  },
  "groupkfold_day": {
    "cv_mode": "groupkfold_day",
    "oof_r2": 0.1705823386491162,
    "fold_r2": [
      0.12145241025520515,
      0.5807764101731175
    ],
    "elapsed_sec": 11.112679719924927
  },
  "delta": {
    "abs_r2_drop": 0.4347349090753322,
    "pct_r2_drop": 71.81934939234237,
    "leakage_material": true
  }
}